คอลัมน์1,คอลัมน์2,คอลัมน์3,คอลัมน์4,คอลัมน์5,คอลัมน์6,คอลัมน์7
,,,,,,
KilomilesWorld01,species,Human,Aura,Water,Spirit,Knight
KilomilesWorld02,species,Human,Aura,Sunlight,Spirit,Dinosaur
KilomilesWorld03,species,Elf,Aura,Fire,Spirit,Assassin
KilomilesWorld04,species,Human,Aura,Cloud,Spirit,Wolf
KilomilesWorld05,species,Human,Aura,Sunlight,Spirit,Warrior
KilomilesWorld06,species,Human,Aura,Sunlight,Spirit,Adventurer
KilomilesWorld07,species,Human,Aura,Forest,Spirit,Dinosaur
KilomilesWorld08,species,Elf,Aura,Forest,Spirit,Bear
KilomilesWorld09,species,Human,Aura,Fire,Spirit,Dinosaur
KilomilesWorld10,species,Human,Aura,Darkness,Spirit,Wizard
KilomilesWorld11,species,Human,Aura,Water,Spirit,Dinosaur
KilomilesWorld12,species,Human,Aura,Forest,Spirit,Ninja
KilomilesWorld13,species,Dwarf,Aura,Water,Spirit,Fighter
KilomilesWorld14,species,Human,Aura,Cloud,Spirit,Wolf
KilomilesWorld15,species,Human,Aura,Water,Spirit,Bear
KilomilesWorld16,species,Human,Aura,Cherry Blossoms,Spirit,Dragon
KilomilesWorld17,species,Titan,Aura,Wood,Spirit,Guardian
KilomilesWorld18,species,Human,Aura,Forest,Spirit,Mushroom
KilomilesWorld19,species,Human,Aura,Water,Spirit,Snow
KilomilesWorld20,species,Human,Aura,Fire,Spirit,Princess
KilomilesWorld21,species,Human,Aura,Gold,Spirit,Bear
KilomilesWorld22,species,Human,Aura,Cloud,Spirit,Wizard
KilomilesWorld23,species,Angle,Aura,Water,Spirit,Wing
KilomilesWorld24,species,Human,Aura,Water,Spirit,Ninja
KilomilesWorld25,species,Human,Aura,Fire,Spirit,Fish
KilomilesWorld26,species,Titan,Aura,Water,Spirit,Guardian
KilomilesWorld27,species,Dwarf,Aura,Cloud,Spirit,Warrior
KilomilesWorld28,species,Human,Aura,Fire,Spirit,Dinosaur
KilomilesWorld29,species,Human,Aura,Gold,Spirit,Mushroom
KilomilesWorld30,species,God,Aura,Forest,Spirit,Peaceful
KilomilesWorld31,species,Human,Aura,Water,Spirit,Fish
KilomilesWorld32,species,Human,Aura,Forest,Spirit,Bear
KilomilesWorld33,species,Dwarf,Aura,Fire,Spirit,Warrior
KilomilesWorld34,species,Human,Aura,Forest,Spirit,Warrior
KilomilesWorld35,species,Human,Aura,Cloud,Spirit,Dragon
KilomilesWorld36,species,Human,Aura,Forest,Spirit,Wizard
KilomilesWorld37,species,Titan,Aura,Water,Spirit,Guardian
KilomilesWorld38,species,Human,Aura,Cherry Blossoms,Spirit,Ninja
KilomilesWorld39,species,Human,Aura,Forest,Spirit,Bear
KilomilesWorld40,species,Human,Aura,Darkness,Spirit,Wizard
KilomilesWorld41,species,Robot,Aura,Fire,Spirit,Fighter
KilomilesWorld42,species,Half-human,Aura,Forest,Spirit,Fighter
KilomilesWorld43,species,Human,Aura,Cloud,Spirit,Bear
KilomilesWorld44,species,Human,Aura,Sunlight,Spirit,Dragon
KilomilesWorld45,species,Human,Aura,Fire,Spirit,Geisha
KilomilesWorld46,species,Human,Aura,Sunlight,Spirit,Building
KilomilesWorld47,species,Human,Aura,Cherry Blossoms,Spirit,Wolf
KilomilesWorld48,species,Human,Aura,Sunlight,Spirit,Warrior
KilomilesWorld49,species,Human,Aura,Gold,Spirit,Geisha
KilomilesWorld50,species,Human,Aura,Fire,Spirit,Wizard
KilomilesWorld51,species,Human,Aura,Water,Spirit,Dinosaur
KilomilesWorld52,species,Human,Aura,Fire,Spirit,Building
KilomilesWorld53,species,Human,Aura,Cloud,Spirit,Building
KilomilesWorld54,species,Human,Aura,Cherry Blossoms,Spirit,Princess
KilomilesWorld55,species,Human,Aura,Gold,Spirit,Ninja
KilomilesWorld56,species,Human,Aura,Sunlight,Spirit,Hawk
KilomilesWorld57,species,Human,Aura,Forest,Spirit,Sheep
KilomilesWorld58,species,Orc,Aura,Water,Spirit,Fighter
KilomilesWorld59,species,Human,Aura,Forest,Spirit,Princess
KilomilesWorld60,species,Human,Aura,Gold,Spirit,Princess
KilomilesWorld61,species,Human,Aura,Forest,Spirit,Ninja
KilomilesWorld62,species,Human,Aura,Fire,Spirit,Dragon
KilomilesWorld63,species,Orc,Aura,Fire,Spirit,Adventurer
KilomilesWorld64,species,Human,Aura,Forest,Spirit,Wizard
KilomilesWorld65,species,Human,Aura,Wood,Spirit,Ninja
KilomilesWorld66,species,Human,Aura,Water,Spirit,Building
KilomilesWorld67,species,Robot,Aura,Sunlight,Spirit,Cyborg
KilomilesWorld68,species,Human,Aura,Forest,Spirit,Hawk
KilomilesWorld69,species,Dwarf,Aura,Forest,Spirit,Pirate
KilomilesWorld70,species,God,Aura,Forest,Spirit,Peaceful
KilomilesWorld71,species,Human,Aura,Darkness,Spirit,Fighter
KilomilesWorld72,species,Human,Aura,Water,Spirit,Dinosaur
KilomilesWorld73,species,Human,Aura,Forest,Spirit,Soldier
KilomilesWorld74,species,Orc,Aura,Cloud,Spirit,Barbarian
KilomilesWorld75,species,Human,Aura,Water,Spirit,Snake
KilomilesWorld76,species,Titan,Aura,Forest,Spirit,Guardian
KilomilesWorld77,species,Human,Aura,Water,Spirit,Angle
KilomilesWorld78,species,Elf,Aura,Forest,Spirit,Adventurer
KilomilesWorld79,species,Dwarf,Aura,Wood,Spirit,Fighter
KilomilesWorld80,species,Titan,Aura,Fire,Spirit,Cyborg
KilomilesWorld81,species,Human,Aura,Cloud,Spirit,Cyborg
KilomilesWorld82,species,Human,Aura,Forest,Spirit,Assassin
KilomilesWorld83,species,Human,Aura,Fire,Spirit,Dragon
KilomilesWorld84,species,Human,Aura,Water,Spirit,Bear
KilomilesWorld85,species,Human,Aura,Fire,Spirit,Assassin
KilomilesWorld86,species,Human,Aura,Sunlight,Spirit,Building
KilomilesWorld87,species,Human,Aura,Wood,Spirit,Dinosaur
KilomilesWorld88,species,Human,Aura,Cloud,Spirit,Building
KilomilesWorld89,species,Elf,Aura,Light,Spirit,Bird
KilomilesWorld90,species,Elf,Aura,Gold,Spirit,Dynasty
KilomilesWorld91,species,Human,Aura,Wood,Spirit,Bear
KilomilesWorld92,species,Orc,Aura,Fire,Spirit,Barbarian
KilomilesWorld93,species,Human,Aura,Fire,Spirit,Dragon
KilomilesWorld94,species,Human,Aura,Fire,Spirit,Assassin
KilomilesWorld95,species,Human,Aura,Darkness,Spirit,Wizard
KilomilesWorld96,species,Human,Aura,Water,Spirit,Assassin
KilomilesWorld97,species,Human,Aura,Cloud,Spirit,Soldier
KilomilesWorld98,species,Robot,Aura,Darkness,Spirit,Fighter
KilomilesWorld99,species,Robot,Aura,Darkness,Spirit,Fighter
KilomilesWorld100,species,God,Aura,Light,Spirit,Peaceful
KilomilesWorld101,species,Human,Aura,Water,Spirit,Knight
KilomilesWorld102,species,Human,Aura,Light,Spirit,Knight
KilomilesWorld103,species,Titan,Aura,Light,Spirit,Knight
KilomilesWorld104,species,Dwarf,Aura,Forest,Spirit,Pirate
KilomilesWorld105,species,Orc,Aura,Forest,Spirit,Pirate
KilomilesWorld106,species,Human,Aura,Fire,Spirit,Dynasty
KilomilesWorld107,species,Orc,Aura,Cloud,Spirit,Fighter
KilomilesWorld108,species,Human,Aura,Darkness,Spirit,Wizard
KilomilesWorld109,species,Elf,Aura,Cloud,Spirit,Cyborg
KilomilesWorld110,species,God,Aura,Fire,Spirit,Cyborg
KilomilesWorld111,species,Elf,Aura,Fire,Spirit,Chicken
KilomilesWorld112,species,Robot,Aura,Cloud,Spirit,Cyborg
KilomilesWorld113,species,Human,Aura,Forest,Spirit,Tiger
KilomilesWorld114,species,Human,Aura,Gold,Spirit,Princess
KilomilesWorld115,species,Human,Aura,Forest,Spirit,Princess
KilomilesWorld116,species,Elf,Aura,Fire,Spirit,Dinosaur
KilomilesWorld117,species,Dwarf,Aura,Sunlight,Spirit,Barbarian
KilomilesWorld118,species,Human,Aura,Forest,Spirit,Adventurer
KilomilesWorld119,species,Robot,Aura,Forest ,Spirit,Demon
KilomilesWorld120,species,God,Aura,Fire,Spirit,Barbarian
KilomilesWorld121,species,Human,Aura,Cloud,Spirit,Fish
KilomilesWorld122,species,Human,Aura,Darkness,Spirit,Wizard
KilomilesWorld123,species,Elf,Aura,Fire,Spirit,Angle
KilomilesWorld124,species,Robot,Aura,Fire,Spirit,Guardian
KilomilesWorld125,species,Human,Aura,Amethyst,Spirit,Adventurer
KilomilesWorld126,species,Human,Aura,Gold ,Spirit,Dinosaur
KilomilesWorld127,species,Elf,Aura,Cloud,Spirit,Bear
KilomilesWorld128,species,Orc,Aura,Wood,Spirit,Wizard
KilomilesWorld129,species,Human,Aura,Fire,Spirit,Fish
KilomilesWorld130,species,Human,Aura,Cloud,Spirit,Fighter
KilomilesWorld131,species,Half-human,Aura,Wind,Spirit,Bird
KilomilesWorld132,species,Human,Aura,Forest,Spirit,Dinosaur
KilomilesWorld133,species,Dwarf,Aura,Wind,Spirit,Knight
KilomilesWorld134,species,Half-human,Aura,Water,Spirit,Dynasty
KilomilesWorld135,species,Human,Aura,Water,Spirit,Dynasty
KilomilesWorld136,species,Elf,Aura,Fire,Spirit,Dragon
KilomilesWorld137,species,Human,Aura,Water,Spirit,Dragon
KilomilesWorld138,species,Human,Aura,Fire,Spirit,Geisha
KilomilesWorld139,species,Robot,Aura,Water,Spirit,Assassin
KilomilesWorld140,species,Half-human,Aura,Darkness,Spirit,Cyborg
KilomilesWorld141,species,Half-human,Aura,Sunlight,Spirit,Assassin
KilomilesWorld142,species,Human,Aura,Amethyst,Spirit,Adventurer
KilomilesWorld143,species,God,Aura,Forest,Spirit,Cyborg
KilomilesWorld144,species,Human,Aura,Darkness,Spirit,Knight
KilomilesWorld145,species,Human,Aura,Fire,Spirit,Assassin
KilomilesWorld146,species,Robot,Aura,Fire,Spirit,Warrior
KilomilesWorld147,species,Elf,Aura,Darkness,Spirit,Fish
KilomilesWorld148,species,Human,Aura,Water,Spirit,Cat
KilomilesWorld149,species,Half-human,Aura,Fire,Spirit,Cyborg
KilomilesWorld150,species,Half-human,Aura,Darkness,Spirit,Warrior
KilomilesWorld151,species,Human,Aura,Sunlight,Spirit,Bear
KilomilesWorld152,species,Elf,Aura,Forest,Spirit,Angle
KilomilesWorld153,species,Human,Aura,Forest,Spirit,Adventurer
KilomilesWorld154,species,Orc,Aura,Fire,Spirit,Wizard
KilomilesWorld155,species,Elf,Aura,Forest,Spirit,Soldier
KilomilesWorld156,species,Elf,Aura,Sunlight,Spirit,Dinosaur
KilomilesWorld157,species,Human,Aura,Forest,Spirit,Ninja
KilomilesWorld158,species,Human,Aura,Sunlight,Spirit,Wizard
KilomilesWorld159,species,Human,Aura,Light,Spirit,Fish
KilomilesWorld160,species,Human,Aura,Light,Spirit,Knight
KilomilesWorld161,species,Human,Aura,Light,Spirit,Dinosaur
KilomilesWorld162,species,Dwarf,Aura,Fire,Spirit,Barbarian
KilomilesWorld163,species,Human,Aura,Forest,Spirit,Soldier
KilomilesWorld164,species,Elf,Aura,Water,Spirit,Dinosaur
KilomilesWorld165,species,Elf,Aura,Water,Spirit,Chicken
KilomilesWorld166,species,Orc,Aura,Light,Spirit,Warrior
KilomilesWorld167,species,Human,Aura,Light,Spirit,Demon
KilomilesWorld168,species,Human,Aura,Fire,Spirit,Soldier
KilomilesWorld169,species,Elf,Aura,Cloud,Spirit,Bear
KilomilesWorld170,species,Robot,Aura,Darkness,Spirit,Cyborg
KilomilesWorld171,species,Elf,Aura,Water,Spirit,Adventurer
KilomilesWorld172,species,Human,Aura,Sunlight,Spirit,Geisha
KilomilesWorld173,species,Human,Aura,Sunlight,Spirit,Scientist
KilomilesWorld174,species,Human,Aura,Wind,Spirit,Assassin
KilomilesWorld175,species,Dwarf,Aura,Cloud,Spirit,Barbarian
KilomilesWorld176,species,Human,Aura,Sunlight,Spirit,Cat
KilomilesWorld177,species,Human,Aura,Water,Spirit,Princess
KilomilesWorld178,species,Human,Aura,Forest,Spirit,Assassin
KilomilesWorld179,species,Elf,Aura,Water,Spirit,Wizard
KilomilesWorld180,species,Half-human,Aura,Darkness,Spirit,Demon
KilomilesWorld181,species,Dwarf,Aura,Light,Spirit,Guardian
KilomilesWorld182,species,Human,Aura,Fire,Spirit,Bear
KilomilesWorld183,species,Elf,Aura,Water,Spirit,Cat
KilomilesWorld184,species,Human,Aura,Light,Spirit,Wizard
KilomilesWorld185,species,Robot,Aura,Darkness,Spirit,Soldier
KilomilesWorld186,species,Human,Aura,Fire,Spirit,Soldier
KilomilesWorld187,species,Human,Aura,Gold,Spirit,Fish
KilomilesWorld188,species,Robot,Aura,Forest,Spirit,Soldier
KilomilesWorld189,species,Human,Aura,Gold,Spirit,Princess
KilomilesWorld190,species,Human,Aura,Light,Spirit,Geisha
KilomilesWorld191,species,Human,Aura,Sunlight,Spirit,Dinosaur
KilomilesWorld192,species,Elf,Aura,Water,Spirit,Knight
KilomilesWorld193,species,Elf,Aura,Gold,Spirit,Knight
KilomilesWorld194,species,Human,Aura,Sunlight,Spirit,Princess
KilomilesWorld195,species,Elf,Aura,Cherry Blossoms,Spirit,Scientist
KilomilesWorld196,species,Robot,Aura,Darkness,Spirit,Knight
KilomilesWorld197,species,Human,Aura,Sunlight,Spirit,Wolf
KilomilesWorld198,species,Titan,Aura,Forest,Spirit,Guardian
KilomilesWorld199,species,Half-human,Aura,Darkness,Spirit,Demon
KilomilesWorld200,species,God,Aura,Cherry Blossoms,Spirit,Dynasty
KilomilesWorld201,species,Dwarf,Aura,Wood,Spirit,Barbarian
KilomilesWorld202,species,Orc,Aura,Fire,Spirit,Wizard
KilomilesWorld203,species,Human,Aura,Fire,Spirit,Scientist
KilomilesWorld204,species,Human,Aura,Forest,Spirit,Cat
KilomilesWorld205,species,Orc,Aura,Cloud,Spirit,Fighter
KilomilesWorld206,species,Human,Aura,Light,Spirit,Princess
KilomilesWorld207,species,Human,Aura,Water,Spirit,Pirate
KilomilesWorld208,species,Human,Aura,Sunlight,Spirit,Dinosaur
KilomilesWorld209,species,Human,Aura,Darkness,Spirit,Soldier
KilomilesWorld210,species,God,Aura,Light,Spirit,Guardian
KilomilesWorld211,species,Human,Aura,Sunlight,Spirit,Scientist
KilomilesWorld212,species,Human,Aura,Cherry Blossoms,Spirit,Demon
KilomilesWorld213,species,Human,Aura,Cherry Blossoms,Spirit,Pirate
KilomilesWorld214,species,Human,Aura,Water,Spirit,Wolf
KilomilesWorld215,species,Human,Aura,Water,Spirit,Knight
KilomilesWorld216,species,Orc,Aura,Darkness,Spirit,Warrior
KilomilesWorld217,species,Human,Aura,Cherry Blossoms,Spirit,Bear
KilomilesWorld218,species,Human,Aura,Fire,Spirit,Fighter
KilomilesWorld219,species,Elf,Aura,Water,Spirit,Fish
KilomilesWorld220,species,Robot,Aura,Sunlight,Spirit,Chicken
KilomilesWorld221,species,Human,Aura,Light,Spirit,Demon
KilomilesWorld222,species,Human,Aura,Fire,Spirit,Assassin
KilomilesWorld223,species,Human,Aura,Wood,Spirit,Bear
KilomilesWorld224,species,Human,Aura,Light,Spirit,Snake
KilomilesWorld225,species,Human,Aura,Fire,Spirit,Dragon
KilomilesWorld226,species,Human,Aura,Forest,Spirit,Princess
KilomilesWorld227,species,Human,Aura,Cherry Blossoms,Spirit,Fighter
KilomilesWorld228,species,Elf,Aura,Cloud,Spirit,Cyborg
KilomilesWorld229,species,Elf,Aura,Wind,Spirit,Snake
KilomilesWorld230,species,Human,Aura,Fire,Spirit,Dragon
KilomilesWorld231,species,Elf,Aura,Forest,Spirit,Engineer
KilomilesWorld232,species,Orc,Aura,Cloud,Spirit,Scientist
KilomilesWorld233,species,Elf,Aura,Gold,Spirit,Peaceful
KilomilesWorld234,species,Human,Aura,Cherry Blossoms,Spirit,Princess
KilomilesWorld235,species,Half-human,Aura,Water,Spirit,Warrior
KilomilesWorld236,species,Human,Aura,Forest,Spirit,Engineer
KilomilesWorld237,species,Human,Aura,Cherry Blossoms,Spirit,Ninja
KilomilesWorld238,species,Robot,Aura,Water,Spirit,Cyborg
KilomilesWorld239,species,Human,Aura,Water,Spirit,Wizard
KilomilesWorld240,species,Robot,Aura,Fire,Spirit,Cyborg
KilomilesWorld241,species,Half-human,Aura,Darkness,Spirit,Demon
KilomilesWorld242,species,Half-human,Aura,Darkness,Spirit,Demon
KilomilesWorld243,species,Human,Aura,Sunlight,Spirit,Fighter
KilomilesWorld244,species,Elf,Aura,Forest,Spirit,Scientist
KilomilesWorld245,species,Titan,Aura,Light,Spirit,Guardian
KilomilesWorld246,species,Human,Aura,Forest,Spirit,Adventurer
KilomilesWorld247,species,Human,Aura,Fire,Spirit,Dinosaur
KilomilesWorld248,species,Human,Aura,Fire,Spirit,Fish
KilomilesWorld249,species,Human,Aura,Light,Spirit,Princess
KilomilesWorld250,species,Dwarf,Aura,Sunlight,Spirit,Engineer
KilomilesWorld251,species,Robot,Aura,Darkness,Spirit,Soldier
KilomilesWorld252,species,Human,Aura,Gold,Spirit,Adventurer
KilomilesWorld253,species,Human,Aura,Sunlight,Spirit,Barbarian
KilomilesWorld254,species,Human,Aura,Forest,Spirit,Cat
KilomilesWorld255,species,Dwarf,Aura,Wind,Spirit,Barbarian
KilomilesWorld256,species,Human,Aura,Darkness,Spirit,Wizard
KilomilesWorld257,species,Elf,Aura,Forest,Spirit,Scientist
KilomilesWorld258,species,Human,Aura,Water,Spirit,Fish
KilomilesWorld259,species,Human,Aura,Water,Spirit,Cat
KilomilesWorld260,species,Half-human,Aura,Fire,Spirit,Pirate
KilomilesWorld261,species,Human,Aura,Fire,Spirit,Warrior
KilomilesWorld262,species,Half-human,Aura,Darkness,Spirit,Angle
KilomilesWorld263,species,Human,Aura,Water,Spirit,Adventurer
KilomilesWorld264,species,Human,Aura,Water,Spirit,Wolf
KilomilesWorld265,species,Human,Aura,Sunlight,Spirit,Dinosaur
KilomilesWorld266,species,Human,Aura,Cloud,Spirit,Fish
KilomilesWorld267,species,Dwarf,Aura,Forest,Spirit,Soldier
KilomilesWorld268,species,Half-human,Aura,Darkness,Spirit,Demon
KilomilesWorld269,species,Human,Aura,Light,Spirit,Engineer
KilomilesWorld270,species,Human,Aura,Forest,Spirit,Ninja
KilomilesWorld271,species,Dwarf,Aura,Wood,Spirit,Barbarian
KilomilesWorld272,species,Human,Aura,Water,Spirit,Princess
KilomilesWorld273,species,Human,Aura,Light,Spirit,Angle
KilomilesWorld274,species,Human,Aura,Sunlight,Spirit,Bear
KilomilesWorld275,species,Human,Aura,Forest,Spirit,Princess
KilomilesWorld276,species,Human,Aura,Fire,Spirit,Dragon
KilomilesWorld277,species,Human,Aura,Light,Spirit,Princess
KilomilesWorld278,species,Human,Aura,Fire,Spirit,Wizard
KilomilesWorld279,species,Elf,Aura,Forest,Spirit,Scientist
KilomilesWorld280,species,Human,Aura,Fire,Spirit,Ninja
KilomilesWorld281,species,Human,Aura,Light,Spirit,Cat
KilomilesWorld282,species,Human,Aura,Fire,Spirit,Geisha
KilomilesWorld283,species,Elf,Aura,Cherry Blossoms,Spirit,Ninja
KilomilesWorld284,species,Robot,Aura,Light,Spirit,Soldier
KilomilesWorld285,species,Half-human,Aura,Darkness,Spirit,Cyborg
KilomilesWorld286,species,Human,Aura,Water,Spirit,Knight
KilomilesWorld287,species,Human,Aura,Fire,Spirit,Wolf
KilomilesWorld288,species,Orc,Aura,Fire,Spirit,Barbarian
KilomilesWorld289,species,Human,Aura,Sunlight,Spirit,Dinosaur
KilomilesWorld290,species,Human,Aura,Forest,Spirit,Scientist
KilomilesWorld291,species,Robot,Aura,Water,Spirit,Cyborg
KilomilesWorld292,species,Human,Aura,Water,Spirit,Cat
KilomilesWorld293,species,Human,Aura,Wood,Spirit,Barbarian
KilomilesWorld294,species,Human,Aura,Amethyst,Spirit,Princess
KilomilesWorld295,species,Orc,Aura,Cloud,Spirit,Wizard
KilomilesWorld296,species,Human,Aura,Forest,Spirit,Angle
KilomilesWorld297,species,Dwarf,Aura,Sunlight,Spirit,Engineer
KilomilesWorld298,species,Human,Aura,Forest,Spirit,Wizard
KilomilesWorld299,species,Human,Aura,Light,Spirit,Warrior
KilomilesWorld300,species,God,Aura,Light,Spirit,Assassin
